Workbook

Sheet الدرجات
A1: تحليل نتائج الاختبار التشخيصي (القبلي والبعدي) — التلاوة والتجويد — الصف الأول المتوسط
A2: أدخل الدرجات في الخلايا الصفراء فقط، والباقي يُحسب تلقائياً. استخدم رقم الطالب لا اسمه. الصف الأول مثال يمكن حذف درجاته.
A4: رقم الطالب | B4: القبلي: التلاوة (من ١٠) | C4: القبلي: التحريري (من ١٠) | D4: مجموع القبلي (من ٢٠) | E4: مستوى القبلي | F4: البعدي: التلاوة (من ١٠) | G4: البعدي: التحريري (من ١٠) | H4: مجموع البعدي (من ٢٠) | I4: مستوى البعدي | J4: مقدار التحسن
A5: 1 | B5: 6 | C5: 4 | D5: =IF(COUNT(B5:C5)=0,"",SUM(B5:C5)) -> 10 | E5: =IF(D5="","",IF(D5>=17,"متقدم",IF(D5>=12,"متوسط","يحتاج إلى دعم"))) -> يحتاج إلى دعم | F5: 8 | G5: 7 | H5: =IF(COUNT(F5:G5)=0,"",SUM(F5:G5)) -> 15 | I5: =IF(H5="","",IF(H5>=17,"متقدم",IF(H5>=12,"متوسط","يحتاج إلى دعم"))) -> متوسط | J5: =IF(OR(D5="",H5=""),"",H5-D5) -> 5
A6: 2 | D6: =IF(COUNT(B6:C6)=0,"",SUM(B6:C6)) | E6: =IF(D6="","",IF(D6>=17,"متقدم",IF(D6>=12,"متوسط","يحتاج إلى دعم"))) | H6: =IF(COUNT(F6:G6)=0,"",SUM(F6:G6)) | I6: =IF(H6="","",IF(H6>=17,"متقدم",IF(H6>=12,"متوسط","يحتاج إلى دعم"))) | J6: =IF(OR(D6="",H6=""),"",H6-D6)
A7: 3 | D7: =IF(COUNT(B7:C7)=0,"",SUM(B7:C7)) | E7: =IF(D7="","",IF(D7>=17,"متقدم",IF(D7>=12,"متوسط","يحتاج إلى دعم"))) | H7: =IF(COUNT(F7:G7)=0,"",SUM(F7:G7)) | I7: =IF(H7="","",IF(H7>=17,"متقدم",IF(H7>=12,"متوسط","يحتاج إلى دعم"))) | J7: =IF(OR(D7="",H7=""),"",H7-D7)
A8: 4 | D8: =IF(COUNT(B8:C8)=0,"",SUM(B8:C8)) | E8: =IF(D8="","",IF(D8>=17,"متقدم",IF(D8>=12,"متوسط","يحتاج إلى دعم"))) | H8: =IF(COUNT(F8:G8)=0,"",SUM(F8:G8)) | I8: =IF(H8="","",IF(H8>=17,"متقدم",IF(H8>=12,"متوسط","يحتاج إلى دعم"))) | J8: =IF(OR(D8="",H8=""),"",H8-D8)
A9: 5 | D9: =IF(COUNT(B9:C9)=0,"",SUM(B9:C9)) | E9: =IF(D9="","",IF(D9>=17,"متقدم",IF(D9>=12,"متوسط","يحتاج إلى دعم"))) | H9: =IF(COUNT(F9:G9)=0,"",SUM(F9:G9)) | I9: =IF(H9="","",IF(H9>=17,"متقدم",IF(H9>=12,"متوسط","يحتاج إلى دعم"))) | J9: =IF(OR(D9="",H9=""),"",H9-D9)
A10: 6 | D10: =IF(COUNT(B10:C10)=0,"",SUM(B10:C10)) | E10: =IF(D10="","",IF(D10>=17,"متقدم",IF(D10>=12,"متوسط","يحتاج إلى دعم"))) | H10: =IF(COUNT(F10:G10)=0,"",SUM(F10:G10)) | I10: =IF(H10="","",IF(H10>=17,"متقدم",IF(H10>=12,"متوسط","يحتاج إلى دعم"))) | J10: =IF(OR(D10="",H10=""),"",H10-D10)
A11: 7 | D11: =IF(COUNT(B11:C11)=0,"",SUM(B11:C11)) | E11: =IF(D11="","",IF(D11>=17,"متقدم",IF(D11>=12,"متوسط","يحتاج إلى دعم"))) | H11: =IF(COUNT(F11:G11)=0,"",SUM(F11:G11)) | I11: =IF(H11="","",IF(H11>=17,"متقدم",IF(H11>=12,"متوسط","يحتاج إلى دعم"))) | J11: =IF(OR(D11="",H11=""),"",H11-D11)
A12: 8 | D12: =IF(COUNT(B12:C12)=0,"",SUM(B12:C12)) | E12: =IF(D12="","",IF(D12>=17,"متقدم",IF(D12>=12,"متوسط","يحتاج إلى دعم"))) | H12: =IF(COUNT(F12:G12)=0,"",SUM(F12:G12)) | I12: =IF(H12="","",IF(H12>=17,"متقدم",IF(H12>=12,"متوسط","يحتاج إلى دعم"))) | J12: =IF(OR(D12="",H12=""),"",H12-D12)
A13: 9 | D13: =IF(COUNT(B13:C13)=0,"",SUM(B13:C13)) | E13: =IF(D13="","",IF(D13>=17,"متقدم",IF(D13>=12,"متوسط","يحتاج إلى دعم"))) | H13: =IF(COUNT(F13:G13)=0,"",SUM(F13:G13)) | I13: =IF(H13="","",IF(H13>=17,"متقدم",IF(H13>=12,"متوسط","يحتاج إلى دعم"))) | J13: =IF(OR(D13="",H13=""),"",H13-D13)
A14: 10 | D14: =IF(COUNT(B14:C14)=0,"",SUM(B14:C14)) | E14: =IF(D14="","",IF(D14>=17,"متقدم",IF(D14>=12,"متوسط","يحتاج إلى دعم"))) | H14: =IF(COUNT(F14:G14)=0,"",SUM(F14:G14)) | I14: =IF(H14="","",IF(H14>=17,"متقدم",IF(H14>=12,"متوسط","يحتاج إلى دعم"))) | J14: =IF(OR(D14="",H14=""),"",H14-D14)
A15: 11 | D15: =IF(COUNT(B15:C15)=0,"",SUM(B15:C15)) | E15: =IF(D15="","",IF(D15>=17,"متقدم",IF(D15>=12,"متوسط","يحتاج إلى دعم"))) | H15: =IF(COUNT(F15:G15)=0,"",SUM(F15:G15)) | I15: =IF(H15="","",IF(H15>=17,"متقدم",IF(H15>=12,"متوسط","يحتاج إلى دعم"))) | J15: =IF(OR(D15="",H15=""),"",H15-D15)
A16: 12 | D16: =IF(COUNT(B16:C16)=0,"",SUM(B16:C16)) | E16: =IF(D16="","",IF(D16>=17,"متقدم",IF(D16>=12,"متوسط","يحتاج إلى دعم"))) | H16: =IF(COUNT(F16:G16)=0,"",SUM(F16:G16)) | I16: =IF(H16="","",IF(H16>=17,"متقدم",IF(H16>=12,"متوسط","يحتاج إلى دعم"))) | J16: =IF(OR(D16="",H16=""),"",H16-D16)
A17: 13 | D17: =IF(COUNT(B17:C17)=0,"",SUM(B17:C17)) | E17: =IF(D17="","",IF(D17>=17,"متقدم",IF(D17>=12,"متوسط","يحتاج إلى دعم"))) | H17: =IF(COUNT(F17:G17)=0,"",SUM(F17:G17)) | I17: =IF(H17="","",IF(H17>=17,"متقدم",IF(H17>=12,"متوسط","يحتاج إلى دعم"))) | J17: =IF(OR(D17="",H17=""),"",H17-D17)
... A39: 35 | D39: =IF(COUNT(B39:C39)=0,"",SUM(B39:C39)) | E39: =IF(D39="","",IF(D39>=17,"متقدم",IF(D39>=12,"متوسط","يحتاج إلى دعم"))) | H39: =IF(COUNT(F39:G39)=0,"",SUM(F39:G39)) | I39: =IF(H39="","",IF(H39>=17,"متقدم",IF(H39>=12,"متوسط","يحتاج إلى دعم"))) | J39: =IF(OR(D39="",H39=""),"",H39-D39)

Sheet التحليل
A1: ملخص التحليل
A3: المستوى | B3: عدد الطلاب: القبلي | C3: عدد الطلاب: البعدي | D3: التغير
A4: متقدم | B4: =COUNTIF(الدرجات!$E$5:$E$39,A4) -> 0 | C4: =COUNTIF(الدرجات!$I$5:$I$39,A4) -> 0 | D4: =C4-B4 -> 0
A5: متوسط | B5: =COUNTIF(الدرجات!$E$5:$E$39,A5) -> 0 | C5: =COUNTIF(الدرجات!$I$5:$I$39,A5) -> 1 | D5: =C5-B5 -> 1
A6: يحتاج إلى دعم | B6: =COUNTIF(الدرجات!$E$5:$E$39,A6) -> 1 | C6: =COUNTIF(الدرجات!$I$5:$I$39,A6) -> 0 | D6: =C6-B6 -> -1
A7: المجموع | B7: =SUM(B4:B6) -> 1 | C7: =SUM(C4:C6) -> 1 | D7: =C7-B7 -> 0
A9: المؤشر | B9: القبلي | C9: البعدي
A10: متوسط الدرجة (من ٢٠) | B10: =IFERROR(AVERAGE(الدرجات!$D$5:$D$39),"") -> 10 | C10: =IFERROR(AVERAGE(الدرجات!$H$5:$H$39),"") -> 15
A11: أعلى درجة | B11: =IF(COUNT(الدرجات!$D$5:$D$39)=0,"",MAX(الدرجات!$D$5:$D$39)) -> 10 | C11: =IF(COUNT(الدرجات!$H$5:$H$39)=0,"",MAX(الدرجات!$H$5:$H$39)) -> 15
A12: أدنى درجة | B12: =IF(COUNT(الدرجات!$D$5:$D$39)=0,"",MIN(الدرجات!$D$5:$D$39)) -> 10 | C12: =IF(COUNT(الدرجات!$H$5:$H$39)=0,"",MIN(الدرجات!$H$5:$H$39)) -> 15
A13: متوسط التلاوة (من ١٠) | B13: =IFERROR(AVERAGE(الدرجات!$B$5:$B$39),"") -> 6 | C13: =IFERROR(AVERAGE(الدرجات!$F$5:$F$39),"") -> 8
A14: متوسط التحريري (من ١٠) | B14: =IFERROR(AVERAGE(الدرجات!$C$5:$C$39),"") -> 4 | C14: =IFERROR(AVERAGE(الدرجات!$G$5:$G$39),"") -> 7
A15: نسبة المتقدم والمتوسط | B15: =IFERROR((B4+B5)/B7,"") -> 0 | C15: =IFERROR((C4+C5)/C7,"") -> 1
A17: تُحسب كل الأرقام من ورقة «الدرجات» تلقائياً.
